threads,size, sddm_time, diag_max_time, create_time, b_min_reduce_time, b_min_critical_time, b_min_tree_time
6,8, 0.0015541038, 2.3500498499999997e-06, 1.93250045e-06, 1.8824998499999996e-06, 8.26605e-06, 7.19763e-05
6,16, 0.0013069164000000001, 2.40799975e-06, 2.28460015e-06, 2.55149985e-06, 2.381765e-05, 8.060525e-05
6,32, 0.0028531405500000005, 2.1430003500000007e-06, 2.7634998999999995e-06, 2.30855005e-06, 8.053440000000001e-05, 0.00012270275000000002
6,64, 0.0022142748500000005, 3.826000250000001e-06, 5.0680497e-06, 3.5980496999999996e-06, 0.00031824945000000004, 0.00041488660000000004
6,128, 0.0011353007, 3.4425002500000008e-06, 1.81318e-05, 3.242879985e-05, 0.0011969384000000002, 0.00122351155
6,256, 0.00011917765, 2.8350497499999994e-06, 5.637760000000001e-05, 2.43062e-05, 0.0053191787, 0.0053638346500000005
6,512, 0.00027264764999999994, 3.8119999499999997e-06, 0.0002567708000000001, 0.00031913605, 0.022746031500000003, 0.022862931
6,1024, 0.00093404775, 5.299549950000001e-06, 0.0009163283499999999, 0.00054097475, 0.086577015, 0.0869771725
