threads,size, sddm_time, diag_max_time, create_time, b_min_reduce_time, b_min_critical_time, b_min_tree_time
1,1024, 0.0020914214000000006, 4.5450001500000004e-06, 0.00306434875, 0.00142839235, 0.0097223271, 0.011106432999999999
2,1024, 0.0017501520500000007, 4.4800000499999994e-06, 0.0016584682, 0.0011033108499999998, 0.0362357165, 0.0370070135
4,1024, 0.0011094928, 4.871649899999999e-06, 0.0011117648999999998, 0.00072303715, 0.07827326650000001, 0.078808678
6,1024, 0.00090999535, 5.4794999e-06, 0.00096403805, 0.0006245652000000001, 0.08842142600000001, 0.0888438845
8,1024, 0.00098480665, 6.5955998e-06, 0.0008609285499999999, 0.0006113461, 0.09518648200000002, 0.0955623205
12,1024, 0.0029679914, 5.0593599699999995e-05, 0.0008890611999999999, 0.0016140077500000002, 0.11766348500000001, 0.11892449999999999
16,1024, 0.0012806925, 5.543264999999999e-05, 0.0008370788, 0.0005096335000000001, 0.18066588500000003, 0.18118094999999998
32,1024, 0.0016082154000000002, 0.0001588562, 0.0008537304499999999, 0.0004936223500000001, 0.18323453499999998, 0.18392216500000003
